{
  "hash": "96381855",
  "browserHash": "fa63d47c",
  "optimized": {
    "@angular/common": {
      "src": "../../../../../node_modules/@angular/common/fesm2022/common.mjs",
      "file": "@angular_common.js",
      "fileHash": "7cde73d4",
      "needsInterop": false
    },
    "@angular/common/http": {
      "src": "../../../../../node_modules/@angular/common/fesm2022/http.mjs",
      "file": "@angular_common_http.js",
      "fileHash": "3cd17d71",
      "needsInterop": false
    },
    "@angular/core": {
      "src": "../../../../../node_modules/@angular/core/fesm2022/core.mjs",
      "file": "@angular_core.js",
      "fileHash": "11add18e",
      "needsInterop": false
    },
    "@angular/forms": {
      "src": "../../../../../node_modules/@angular/forms/fesm2022/forms.mjs",
      "file": "@angular_forms.js",
      "fileHash": "5c831572",
      "needsInterop": false
    },
    "@angular/platform-browser": {
      "src": "../../../../../node_modules/@angular/platform-browser/fesm2022/platform-browser.mjs",
      "file": "@angular_platform-browser.js",
      "fileHash": "d608c282",
      "needsInterop": false
    },
    "@angular/router": {
      "src": "../../../../../node_modules/@angular/router/fesm2022/router.mjs",
      "file": "@angular_router.js",
      "fileHash": "d18834f5",
      "needsInterop": false
    },
    "rxjs/operators": {
      "src": "../../../../../node_modules/rxjs/dist/esm5/operators/index.js",
      "file": "rxjs_operators.js",
      "fileHash": "55ae6357",
      "needsInterop": false
    }
  },
  "chunks": {
    "chunk-HEXHSRBD": {
      "file": "chunk-HEXHSRBD.js"
    },
    "chunk-EYZ45C3A": {
      "file": "chunk-EYZ45C3A.js"
    },
    "chunk-KEPQN72U": {
      "file": "chunk-KEPQN72U.js"
    },
    "chunk-LBAHNM5M": {
      "file": "chunk-LBAHNM5M.js"
    },
    "chunk-ATNI3QCU": {
      "file": "chunk-ATNI3QCU.js"
    }
  }
}