{
  "hash": "4422b34f",
  "browserHash": "c655767e",
  "optimized": {
    "@angular/common/http": {
      "src": "../../../../../node_modules/@angular/common/fesm2022/http.mjs",
      "file": "@angular_common_http.js",
      "fileHash": "87e4c391",
      "needsInterop": false
    },
    "@angular/core": {
      "src": "../../../../../node_modules/@angular/core/fesm2022/core.mjs",
      "file": "@angular_core.js",
      "fileHash": "9ad00d7d",
      "needsInterop": false
    },
    "@angular/forms": {
      "src": "../../../../../node_modules/@angular/forms/fesm2022/forms.mjs",
      "file": "@angular_forms.js",
      "fileHash": "9a3f188b",
      "needsInterop": false
    },
    "@angular/platform-browser": {
      "src": "../../../../../node_modules/@angular/platform-browser/fesm2022/platform-browser.mjs",
      "file": "@angular_platform-browser.js",
      "fileHash": "3cd377d9",
      "needsInterop": false
    },
    "@angular/router": {
      "src": "../../../../../node_modules/@angular/router/fesm2022/router.mjs",
      "file": "@angular_router.js",
      "fileHash": "9cdd599f",
      "needsInterop": false
    }
  },
  "chunks": {
    "chunk-UGFQC6FT": {
      "file": "chunk-UGFQC6FT.js"
    },
    "chunk-2LH4DWL2": {
      "file": "chunk-2LH4DWL2.js"
    },
    "chunk-Q32VNEIU": {
      "file": "chunk-Q32VNEIU.js"
    },
    "chunk-GWLPIXA7": {
      "file": "chunk-GWLPIXA7.js"
    }
  }
}